id,data,time,latitude,longitude,isFraud
1,19.99,1719650700,37.774900,-122.419400,0
2,450.00,1719651000,40.712800,-74.006000,1
3,89.50,1719651300,34.052200,-118.243700,0
4,999.99,1719651600,51.507400,-0.127800,1
5,10.00,1719651900,48.856600,2.352200,0
6,870.75,1719652200,35.689500,139.691700,1
7,22.30,1719652500,41.902800,12.496400,0
8,720.00,1719652800,55.755800,37.617600,1
9,5.99,1719653100,-33.868800,151.209300,0
10,333.33,1719653400,52.520000,13.405000,1
11,13.49,1719653700,41.385100,2.173400,0
12,899.99,1719654000,43.653200,-79.383200,1
13,44.00,1719654300,37.566500,126.978000,0
14,600.60,1719654600,31.230400,121.473700,1
15,33.33,1719654900,19.076000,72.877700,0
16,755.25,1719655200,39.904200,116.407400,1
17,18.89,1719655500,-23.550500,-46.633300,0
18,425.00,1719655800,1.352100,103.819800,1
19,9.99,1719656100,45.421500,-75.697200,0
20,1000.00,1719656400,28.613900,77.209000,1
21,75.25,1719656700,59.329300,18.068600,0
22,825.40,1719657000,60.169900,24.938400,1
23,12.99,1719657300,41.008200,28.978400,0
24,945.75,1719657600,50.850300,4.351700,1
25,34.50,1719657900,55.953300,-3.188300,0
26,680.00,1719658200,13.756300,100.501800,1
27,28.75,1719658500,6.524400,3.379200,0
28,1150.25,1719658800,19.432600,-99.133200,1
29,15.99,1719659100,30.044400,31.235700,0
30,775.50,1719659400,33.684400,73.047900,1
31,42.00,1719659700,1.290300,103.851900,0
32,920.00,1719660000,39.739200,-104.990300,1
33,67.89,1719660300,35.689500,139.691700,0
34,1050.99,1719660600,55.755800,37.617600,1
35,23.45,1719660900,34.693700,135.502300,0
36,845.25,1719661200,13.756300,100.501800,1
37,19.99,1719661500,37.983800,23.727500,0
38,725.75,1719661800,59.437000,24.753600,1
39,56.50,1719662100,52.229700,21.012200,0
40,999.00,1719662400,35.676200,139.650300,1
41,31.25,1719662700,45.464200,9.190000,0
42,880.80,1719663000,48.856600,2.352200,1
43,45.75,1719663300,51.165700,10.451500,0
44,650.50,1719663600,25.276987,55.296249,1
45,38.99,1719663900,36.204800,138.252900,0
46,1200.00,1719664200,37.774900,-122.419400,1
47,29.50,1719664500,50.110900,8.682100,0
48,795.25,1719664800,40.416800,-3.703800,1
49,47.89,1719665100,55.676100,12.568300,0
50,925.75,1719665400,59.913900,10.752200,1
51,18.25,1719665700,47.037900,8.562200,0
52,1100.50,1719666000,46.204400,6.143200,1
53,52.99,1719666300,52.370200,4.895200,0
54,750.00,1719666600,50.075500,14.437800,1
55,35.75,1719666900,38.722300,-9.139300,0
56,875.25,1719667200,41.902800,12.496400,1
57,24.50,1719667500,64.146600,-21.942600,0
58,1050.75,1719667800,60.169900,24.938400,1
59,41.99,1719668100,56.949600,24.105200,0
60,690.50,1719668400,54.687200,25.279700,1
61,33.25,1719668700,49.282700,4.057900,0
62,950.00,1719669000,50.450100,30.523400,1
63,26.75,1719669300,44.426800,26.102500,0
64,825.75,1719669600,42.360100,21.005900,1
65,49.99,1719669900,41.715100,44.827100,0
66,775.25,1719670200,40.179200,44.499100,1
67,37.50,1719670500,35.199600,33.354700,0
68,1150.00,1719670800,31.768300,35.213700,1
69,22.99,1719671100,29.311700,47.481800,0
70,899.50,1719671400,25.034300,55.378100,1
71,44.25,1719671700,24.453900,54.377300,0
72,980.75,1719672000,23.885900,90.356300,1
73,31.50,1719672300,22.396400,114.109500,0
74,720.00,1719672600,1.352100,103.819800,1
75,55.99,1719672900,3.139000,101.686900,0
76,1075.25,1719673200,14.599500,120.984200,1
77,39.75,1719673500,10.823100,106.629700,0
78,850.50,1719673800,21.028500,105.854200,1
79,27.99,1719674100,16.054400,108.202200,0
80,925.00,1719674400,11.556400,104.928200,1
81,48.50,1719674700,5.550200,95.318800,0
82,1200.75,1719675000,-6.208800,106.845600,1
83,33.99,1719675300,-7.257500,112.752100,0
84,795.25,1719675600,-8.340500,115.092000,1
85,52.25,1719675900,-10.267700,123.688400,0
86,1050.00,1719676200,-35.280900,149.130000,1
87,29.99,1719676500,-37.813600,144.963100,0
88,875.75,1719676800,-33.868800,151.209300,1
89,41.50,1719677100,-31.950500,115.860500,0
90,950.25,1719677400,-25.274400,133.775100,1
91,36.75,1719677700,-12.463400,130.845600,0
92,1100.50,1719678000,-20.160900,57.501200,1
93,25.99,1719678300,-26.204100,28.047300,0
94,825.00,1719678600,-33.924900,18.424100,1
95,43.25,1719678900,-34.603700,-58.381600,0
96,775.50,1719679200,-23.550500,-46.633300,1
97,32.50,1719679500,-22.906800,-43.172900,0
98,1175.25,1719679800,-15.826700,-47.921800,1
99,49.99,1719680100,37.774900,-122.419400,0
100,920.75,1719680400,40.712800,-74.006000,1
101,28.75,1719680700,34.052200,-118.243700,0
102,850.25,1719681000,51.507400,-0.127800,1
103,54.99,1719681300,48.856600,2.352200,0
104,1025.50,1719681600,35.689500,139.691700,1
105,37.25,1719681900,41.902800,12.496400,0
106,725.75,1719682200,55.755800,37.617600,1
107,45.50,1719682500,-33.868800,151.209300,0
108,975.00,1719682800,52.520000,13.405000,1
109,31.99,1719683100,41.385100,2.173400,0
110,1150.25,1719683400,43.653200,-79.383200,1
111,48.75,1719683700,37.566500,126.978000,0
112,820.50,1719684000,31.230400,121.473700,1
113,39.99,1719684300,19.076000,72.877700,0
114,750.25,1719684600,39.904200,116.407400,1
115,26.50,1719684900,-23.550500,-46.633300,0
116,1075.75,1719685200,1.352100,103.819800,1
117,52.25,1719685500,45.421500,-75.697200,0
118,925.00,1719685800,28.613900,77.209000,1
119,34.75,1719686100,59.329300,18.068600,0
120,875.50,1719686400,60.169900,24.938400,1
121,42.99,1719686700,41.008200,28.978400,0
122,1200.25,1719687000,50.850300,4.351700,1
123,29.50,1719687300,55.953300,-3.188300,0
124,795.75,1719687600,13.756300,100.501800,1
125,55.25,1719687900,6.524400,3.379200,0
126,950.00,1719688200,19.432600,-99.133200,1
127,38.75,1719688500,30.044400,31.235700,0
128,825.25,1719688800,33.684400,73.047900,1
129,47.50,1719689100,1.290300,103.851900,0
130,1100.75,1719689400,39.739200,-104.990300,1
131,33.99,1719689700,35.689500,139.691700,0
132,750.50,1719690000,55.755800,37.617600,1
133,51.25,1719690300,34.693700,135.502300,0
134,975.25,1719690600,13.756300,100.501800,1
135,28.99,1719690900,37.983800,23.727500,0
136,1050.00,1719691200,59.437000,24.753600,1
137,44.50,1719691500,52.229700,21.012200,0
138,820.75,1719691800,35.676200,139.650300,1
139,36.25,1719692100,45.464200,9.190000,0
140,925.50,1719692400,48.856600,2.352200,1
141,49.75,1719692700,51.165700,10.451500,0
142,1175.25,1719693000,25.276987,55.296249,1
143,32.50,1719693300,36.204800,138.252900,0
144,875.00,1719693600,37.774900,-122.419400,1
145,57.99,1719693900,50.110900,8.682100,0
146,750.25,1719694200,40.416800,-3.703800,1
147,41.50,1719694500,55.676100,12.568300,0
148,1025.75,1719694800,59.913900,10.752200,1
149,35.25,1719695100,47.037900,8.562200,0
150,950.50,1719695400,46.204400,6.143200,1
151,48.99,1719695700,52.370200,4.895200,0
152,825.25,1719696000,50.075500,14.437800,1
153,29.75,1719696300,38.722300,-9.139300,0
154,1150.00,1719696600,41.902800,12.496400,1
155,52.50,1719696900,64.146600,-21.942600,0
156,775.75,1719697200,60.169900,24.938400,1
157,38.25,1719697500,56.949600,24.105200,0
158,920.00,1719697800,54.687200,25.279700,1
159,45.99,1719698100,49.282700,4.057900,0
160,1075.50,1719698400,50.450100,30.523400,1
161,33.75,1719698700,44.426800,26.102500,0
162,850.25,1719699000,42.360100,21.005900,1
163,56.50,1719699300,41.715100,44.827100,0
164,725.75,1719699600,40.179200,44.499100,1
165,42.25,1719699900,35.199600,33.354700,0
166,1200.00,1719700200,31.768300,35.213700,1
167,31.99,1719700500,29.311700,47.481800,0
168,975.25,1719700800,25.034300,55.378100,1
169,49.50,1719701100,24.453900,54.377300,0
170,825.50,1719701400,23.885900,90.356300,1
171,37.75,1719701700,22.396400,114.109500,0
172,1100.25,1719702000,1.352100,103.819800,1
173,54.99,1719702300,3.139000,101.686900,0
174,750.00,1719702600,14.599500,120.984200,1
175,28.50,1719702900,10.823100,106.629700,0
176,950.75,1719703200,21.028500,105.854200,1
177,46.25,1719703500,16.054400,108.202200,0
178,875.00,1719703800,11.556400,104.928200,1
179,34.99,1719704100,5.550200,95.318800,0
180,1025.50,1719704400,-6.208800,106.845600,1
181,51.75,1719704700,-7.257500,112.752100,0
182,820.25,1719705000,-8.340500,115.092000,1
183,39.50,1719705300,-10.267700,123.688400,0
184,1175.00,1719705600,-35.280900,149.130000,1
185,27.99,1719705900,-37.813600,144.963100,0
186,925.25,1719706200,-33.868800,151.209300,1
187,48.75,1719706500,-31.950500,115.860500,0
188,775.50,1719706800,-25.274400,133.775100,1
189,55.25,1719707100,-12.463400,130.845600,0
190,1050.75,1719707400,-20.160900,57.501200,1
191,32.50,1719707700,-26.204100,28.047300,0
192,850.00,1719708000,-33.924900,18.424100,1
193,44.99,1719708300,-34.603700,-58.381600,0
194,725.25,1719708600,-23.550500,-46.633300,1
195,36.75,1719708900,-22.906800,-43.172900,0
196,1125.50,1719709200,-15.826700,-47.921800,1
197,53.25,1719709500,37.774900,-122.419400,0
198,975.00,1719709800,40.712800,-74.006000,1
199,29.99,1719710100,34.052200,-118.243700,0
200,825.75,1719710400,51.507400,-0.127800,1
201,480.00,1719710700,37.7749,-122.4194,0
202,520.00,1719711000,40.7128,-74.0060,1
203,495.50,1719711300,34.0522,-118.2437,0
204,510.25,1719711600,51.5074,-0.1278,1
205,505.75,1719711900,48.8566,2.3522,0
206,499.99,1719712200,35.6895,139.6917,0
207,515.50,1719712500,41.9028,12.4964,1
208,485.75,1719712800,55.7558,37.6176,0
209,475.00,1719713100,-33.8688,151.2093,0
210,530.00,1719713400,52.5200,13.4050,1
211,490.00,1719713700,41.3851,2.1734,0
212,525.00,1719714000,43.6532,-79.3832,1
213,500.00,1719714300,37.5665,126.9780,0
214,505.25,1719714600,31.2304,121.4737,0
215,495.75,1719714900,19.0760,72.8777,0
216,510.50,1719715200,39.9042,116.4074,1
217,485.00,1719715500,-23.5505,-46.6333,0
218,520.75,1719715800,1.3521,103.8198,1
219,475.25,1719716100,45.4215,-75.6972,0
220,535.00,1719716400,28.6139,77.2090,1
221,485.50,1719716700,59.3293,18.0686,0
222,510.00,1719717000,60.1699,24.9384,1
223,495.00,1719717300,41.0082,28.9784,0
224,525.50,1719717600,50.8503,4.3517,1
225,505.00,1719717900,55.9533,-3.1883,0
226,490.25,1719718200,13.7563,100.5018,0
227,515.75,1719718500,6.5244,3.3792,1
228,480.50,1719718800,19.4326,-99.1332,0
229,530.25,1719719100,30.0444,31.2357,1
230,475.75,1719719400,33.6844,73.0479,0
231,535.50,1719719700,1.2903,103.8519,1
232,485.25,1719720000,39.7392,-104.9903,0
233,520.50,1719720300,35.6895,139.6917,1
234,495.25,1719720600,55.7558,37.6176,0
235,510.75,1719720900,34.6937,135.5023,1
236,480.75,1719721200,13.7563,100.5018,0
237,525.25,1719721500,37.9838,23.7275,1
238,490.50,1719721800,59.4370,24.7536,0
239,535.75,1719722100,52.2297,21.0122,1
240,475.50,1719722400,35.6762,139.6503,0
241,530.50,1719722700,45.4642,9.1900,1
242,485.00,1719723000,48.8566,2.3522,0
243,520.25,1719723300,25.276987,55.296249,1
244,495.50,1719723600,36.2048,138.2529,0
245,510.25,1719723900,37.7749,-122.4194,0
1,1420.2,1749456393,-45.04517,107.3352,0
2,4871.53,1750601754,81.02569,59.37687,0
3,6443.42,1750324869,83.3334,26.06567,0
4,8080.29,1749799890,45.17521,33.89128,0
5,8559.89,1748978230,22.15303,-163.68866,0
6,9471.05,1750197475,-12.39709,144.69532,0
7,3479.08,1750276841,74.30414,-73.52736,0
8,5329.56,1749775671,-23.55079,-46.62016,0
9,1820.49,1750086135,6.52667,3.3847,0
10,7739.21,1749173075,49.62257,173.6106,0
11,5436.13,1751132014,87.88239,-61.13899,0
12,7921.99,1751123056,19.07462,72.87706,0
13,3467.01,1749360377,-29.89874,-134.80782,0
14,7591.61,1749972607,-62.79014,145.17557,0
15,5151.7,1749457885,50.44517,30.53797,1
16,4608.5,1751264226,6.52432,3.37874,0
17,5759.84,1751245444,80.36261,44.73705,0
18,7708.37,1749160904,-76.5454,126.57128,0
19,4507.64,1749912719,-86.27332,-134.36931,0
20,2162.94,1749166865,62.97951,169.7899,0
21,6434.91,1749812030,50.51474,-131.5977,0
22,162.51,1749071490,57.86907,81.06798,0
23,5593.94,1749849232,12.05813,-64.84636,0
24,5708.92,1750212118,72.33684,12.67811,0
25,2735.42,1749647853,19.07762,72.8707,0
26,714.88,1749946395,11.40031,-41.54579,0
27,3386.96,1749713249,42.81772,-50.27228,0
28,2946.15,1751043773,14.59928,120.97023,0
29,2855.9,1750572141,37.23384,87.40229,0
30,3383.39,1748950103,-23.54278,-46.63008,0
31,7161.43,1750802020,-78.1401,178.73392,1
32,7410.2,1750847397,14.60964,120.97192,0
33,5921.14,1749295053,14.60288,120.98859,0
34,6644.64,1749012304,43.27464,155.74632,0
35,4924.25,1749609217,-30.1723,-83.28313,0
36,1715.44,1749129946,57.35484,76.28394,0
37,6394.05,1749020368,39.62252,148.72891,0
38,5283.25,1751244041,28.9768,48.5815,0
39,1408.75,1749445759,14.60278,120.98414,0
40,3054.37,1748797350,15.2673,-153.86234,0
41,6072.75,1749185740,6.52182,3.38189,1
42,7841.57,1748808305,-5.06143,-133.68755,0
43,2523.59,1750098324,1.19339,10.63036,0
44,5218.65,1749505814,51.11354,68.41062,0
45,4832.42,1750629656,78.0804,-102.90614,0
46,9286.98,1750404850,-23.54993,-46.62546,1
47,5523.74,1751180924,6.5241,3.38749,1
48,3264.86,1748900365,-85.13079,-26.01575,0
49,5565.23,1748906404,6.52947,3.37829,0
50,4340.9,1749837716,19.07773,72.87754,1
51,8646.05,1751193386,44.52773,-121.348,0
52,6370.52,1748951408,79.03747,-170.39098,0
53,5238.24,1749525168,50.44022,30.53501,0
54,9983.72,1750383043,38.52057,51.35393,1
55,3734.71,1749995029,-4.03649,-159.72074,0
56,2002.05,1749321932,45.96507,104.2815,0
57,142.92,1750103261,-23.54859,-46.63021,0
58,4650.8,1751065709,-18.77659,97.69024,0
59,2633.73,1749302595,44.643,-119.06876,0
60,3240.22,1751160075,-24.2811,104.42851,0
61,8505.84,1749389625,-3.29803,-20.34904,0
62,568.39,1751071070,-5.4022,-67.21019,0
63,750.36,1748958004,8.94681,179.10167,0
64,2460.15,1750039375,38.77453,-0.35566,0
65,7229.14,1750862161,-70.30538,14.78903,0
66,1404.73,1750269186,8.83425,83.54977,0
67,2710.53,1749718273,14.59468,120.97915,1
68,6078.24,1750369826,-51.13209,82.772,0
69,1479.8,1750347859,-43.00904,-35.77528,0
70,9037.73,1751296219,-24.74219,-5.77349,0
71,4101.36,1749244879,-83.39546,124.08983,0
72,961.41,1750701773,-39.0772,3.38574,0
73,4248.75,1750621726,-61.01089,-36.83654,0
74,7150.28,1748979288,-0.76065,-76.60535,0
75,969.48,1748894042,-34.6118,-38.59502,0
76,1517.59,1748734074,14.59768,120.97732,1
77,1954.48,1749527772,-42.01549,165.57219,0
78,4436.28,1749890031,-29.66423,-179.65608,0
79,3386.83,1749872452,8.81235,-164.28942,0
80,3883.88,1748737923,-89.7062,66.65207,0
81,8924.37,1749270094,43.37002,150.34021,0
82,3866.15,1749469716,12.44581,-75.35637,0
83,1317.34,1749960731,82.48622,-89.26284,0
84,124.54,1749705479,-64.2175,85.23153,0
85,5149.09,1748788472,19.07991,72.87735,0
86,5848.38,1749937075,-70.59688,-8.11231,0
87,5938.92,1749389960,68.01927,63.41315,0
88,6444.2,1750439332,81.40303,-135.97554,0
89,1442.51,1749245806,-2.63253,-71.25571,0
90,6051.48,1749639711,50.4464,30.5332,0
91,419.18,1749475767,68.66602,-163.46823,0
92,2242.12,1750786941,6.5248,3.37177,0
93,9982.22,1748936638,48.86272,16.22838,0
94,4263.38,1750657279,17.12965,133.3066,0
95,2516.41,1750395679,25.56996,-75.77595,0
96,4855.1,1750644295,-66.12992,163.27344,0
97,9655.48,1750978277,12.30266,-94.88898,0
98,1834.21,1748902102,6.52671,3.38263,0
99,7402.15,1749369316,68.28042,-88.05867,0
100,7171.36,1748829015,6.52287,3.3764,0
101,4201.92,1750977345,-49.8319,-21.65717,0
102,4854.06,1748923575,30.27788,-22.18047,0
103,8022.97,1748899626,-65.52405,146.98119,0
104,1194.05,1749520227,-76.62397,5.29731,0
105,6214.41,1750513911,5.84792,-140.9323,0
106,5779.03,1748986912,-23.54867,-46.6307,0
107,8.84,1748944502,50.44557,30.52946,0
108,2793.03,1749908415,7.89027,88.03861,0
109,5079.99,1749762289,-46.66128,-128.31531,0
110,6830.03,1749683864,-23.35282,-98.99877,0
111,5300.85,1750183849,88.36937,-155.99078,0
112,619.11,1750073450,-23.54466,-46.62149,0
113,2851.81,1749475908,74.03872,172.5499,0
114,2875.09,1748967829,50.45128,30.52798,1
115,5299.16,1748749270,11.50632,-103.57505,0
116,5226.47,1750769313,-57.88761,31.68601,0
117,3142.18,1750509361,19.07178,72.87834,1
118,2048.87,1750787271,14.31598,103.99185,0
119,5650.46,1751249350,-14.73329,90.98514,0
120,6764.41,1749537424,-23.63038,125.33735,0
121,4655.1,1750994543,-44.74646,133.79743,0
122,7411.34,1749343063,26.76182,-38.92903,0
123,1532.87,1750466001,19.07749,72.87818,0
124,3820.76,1750953997,66.75253,41.70025,0
125,9317.25,1749257059,83.62936,-129.82883,0
126,1876.94,1750336905,-28.97538,-112.23211,0
127,5445.42,1751016505,-57.56928,-8.3703,0
128,6110.31,1750242847,-7.33152,-17.0491,0
129,4152.32,1750312599,6.52322,3.38632,0
130,5067.36,1751147079,6.52974,3.38722,0
131,5292.77,1750459218,28.0283,142.78209,0
132,2597.65,1751029827,-54.86676,76.75209,0
133,9535.05,1750550007,3.03433,-84.16084,1
134,609.4,1751268284,-66.25875,-21.01687,0
135,5676.84,1750251622,66.76433,-90.52455,0
136,5145.3,1749457822,82.94487,103.10467,0
137,6336.33,1750324276,-73.23785,78.40735,0
138,6929.05,1748958666,-35.17826,-25.77592,0
139,414.08,1749231347,-19.96573,98.46602,0
140,446.55,1751296148,6.52147,3.38349,0
141,2584.2,1749997040,-63.39952,-94.3923,0
142,2595.89,1749856411,-50.06537,-0.99534,0
143,1372.46,1749188014,-5.88533,162.71425,1
144,8154.63,1749040950,6.52359,3.37417,1
145,5164.43,1750856879,-46.63668,43.18535,0
146,7608.19,1748842466,-5.3329,-112.53556,0
147,2092.5,1749807811,61.53261,98.10756,0
148,5693.14,1750985898,-23.55069,-46.63099,0
149,8638.05,1749878643,40.39025,91.79416,0
150,239.39,1751188846,-57.17056,168.33669,0
151,1910.6,1749339912,-31.213,-5.65266,0
152,6928.68,1750121170,19.07107,72.87017,1
153,9923.05,1749724490,78.73529,144.77446,0
154,3846.32,1749613356,-66.91954,-48.12134,0
155,6766.81,1750131364,65.45863,74.33899,0
156,139.49,1749839702,-69.16625,127.8535,0
157,2634.42,1751095936,35.64163,-61.15905,0
158,9358.65,1750183746,8.25224,5.95909,0
159,8575.21,1750867587,73.39321,57.1537,1
160,4133.05,1749141165,6.52198,3.37179,1
161,1057.87,1749296070,19.07752,72.87351,0
162,5062.35,1749902046,6.52344,3.38245,1
163,9591.72,1749825950,60.13762,-173.57874,0
164,3062.74,1748866390,50.44421,30.52207,1
165,5934.55,1750466111,-32.64533,-102.20985,0
166,4299.18,1749574986,-42.18209,-130.74767,0
167,7037.64,1749154172,-39.18715,161.12488,1
168,3374.94,1749082023,14.60211,120.98626,1
169,2679.88,1750457344,-29.43908,98.61946,0
170,3920.14,1750020845,81.36897,-68.62176,0
171,5985.78,1750774770,-4.17416,-39.92584,0
172,7301.02,1750637349,-48.87118,105.66057,0
173,9883.64,1751307256,34.35914,-129.14327,0
174,994.01,1750783049,-0.31303,-4.50852,0
175,4501.65,1750296478,-89.12078,114.64246,0
176,4044.6,1750561694,-51.55977,133.9976,0
177,5041.36,1749700260,-74.51293,51.37124,0
178,727.19,1749010183,-10.79197,-31.00459,0
179,1671.73,1750456189,65.42745,38.68461,0
180,7317.98,1750874341,-87.21438,-143.08955,0
181,1095.37,1750864940,-18.89224,66.71409,0
182,4934.38,1748987717,-29.91773,10.03209,0
183,7608.04,1750188014,68.38121,-31.00211,0
184,3592.15,1750174661,19.07744,72.87107,0
185,547.46,1750538510,-23.55376,-46.63238,0
186,926.15,1750355073,39.18341,-3.60541,0
187,1935.65,1750437325,88.21739,-133.93779,0
188,7152.66,1749857559,0.88328,69.12207,0
189,2933.78,1749728191,60.38983,-179.42267,0
190,5951.88,1750362255,53.00772,8.88028,0
191,5364.2,1749978081,14.6038,120.97825,1
192,6651.43,1749535983,2.33429,17.74752,0
193,9594.06,1751226867,19.07657,72.87691,0
194,9481.95,1749129374,63.7746,-129.30085,0
195,2057.16,1749746421,32.01063,88.34113,0
196,2487.78,1749231750,81.67522,-71.12282,0
197,1408.96,1750157203,-72.01207,-107.53428,0
198,669.53,1749999132,-55.60134,159.30977,0
199,6310.95,1749544170,-8.08004,-21.94769,1
200,196.65,1750684270,-57.87793,-21.39488,0
201,4808.37,1750964108,86.17326,119.4556,0
202,8724.88,1750691234,14.6098,120.97245,0
203,5454.22,1750883966,-36.81712,-137.65551,0
204,2517.9,1750730863,27.21321,-129.98853,0
205,3117.84,1750983535,71.84294,98.83886,0
206,5919.52,1751107868,81.17439,-46.55126,0
207,5074.48,1750548941,35.62668,135.88842,0
208,3266.58,1749940764,-24.77655,58.81072,0
209,6437.04,1750198698,-11.7818,-145.2524,0
210,9250.82,1748867333,6.52251,3.38079,1
211,7033.51,1749070542,89.15224,-111.36575,0
212,9302.69,1749196767,28.67583,108.37104,0
213,4179.53,1749889645,6.52526,3.37521,0
214,5467.19,1750761659,6.52392,3.3774,0
215,9168.81,1751271407,69.95801,-65.86892,0
216,1520.49,1750644692,86.48803,112.61531,0
217,9610.86,1748783361,85.38674,62.42764,0
218,4618.5,1749031050,50.45871,30.52294,0
219,1893.69,1751119782,83.03961,61.51248,0
220,1676.84,1750542379,89.42613,-153.46002,0
221,8218.21,1750606599,19.07543,72.87407,0
222,9521.38,1750758715,-11.10852,131.03538,0
223,7936.08,1748731572,-28.94472,-49.43608,0
224,5426.18,1750138210,-14.48301,90.50095,0
225,4391.04,1750164074,19.07223,72.87049,1
226,4833.72,1751055314,-72.04435,134.84856,0
227,3043.11,1749103151,-23.55985,-46.62309,0
228,4521.9,1750147143,-5.7697,-9.6908,0
229,5866.85,1749773620,19.07902,72.87109,0
230,8373.71,1749696427,72.15961,-149.06933,0
231,1779.21,1748909636,18.46554,153.77885,0
232,5515.75,1749129706,14.60338,120.98655,0
233,4659.83,1750108857,50.45429,30.52587,1
234,6566.36,1750411670,14.60741,120.9867,0
235,8064.61,1750335268,6.52034,3.37385,1
236,550.31,1749865375,16.9547,63.12756,0
237,1648.18,1749779569,-83.21665,-158.29682,0
238,3717.29,1750810123,14.60781,120.98718,1
239,45.75,1751051812,6.44046,57.73323,0
240,5439.6,1749208946,19.07271,72.87009,0
241,9857.15,1750141862,-14.91567,-124.1536,1
242,8831.54,1749997428,22.54173,-106.30316,0
243,3950.99,1750372993,50.45923,30.52345,0
244,6762.13,1750484048,89.06163,175.63525,0
245,6564.61,1749658993,39.55815,-30.61907,0
246,1498.25,1751296880,17.33296,103.72014,0
247,426.74,1749473640,-35.01212,25.48486,0
248,7596.19,1750103797,19.07975,72.87072,0
249,1550.45,1749110774,6.52307,3.38693,0
250,9883.21,1750082853,89.48816,-114.97551,0
251,7443.24,1750469771,19.07698,72.87341,1
252,9583.02,1750096027,81.40513,15.25563,0
253,3933.27,1750837425,6.52349,3.37473,0
254,5242.55,1750099335,-45.22064,-120.35809,0
255,8484.02,1748842335,9.50153,22.80105,1
256,7137.56,1750305619,78.80586,-170.20816,0
257,3491.68,1749851540,-77.42348,-88.07773,0
258,5576.06,1750636730,-27.9414,100.1527,0
259,8235.53,1750526733,-16.25588,-139.74072,0
260,137.82,1749712017,-23.54606,-46.62405,0
261,756.04,1748962412,50.44115,30.52286,0
262,6447.78,1750264442,63.09246,-77.99218,0
263,7390.0,1750161824,-73.03877,169.0743,0
264,4831.14,1750652956,-44.59896,-75.33502,0
265,5289.62,1749725438,-75.33749,-92.73334,0
266,6229.22,1749413608,18.34487,49.53016,0
267,2236.74,1751280700,41.06876,-141.58147,0
268,5635.71,1749292824,50.44056,30.52148,0
269,5268.56,1750983187,58.94885,90.54284,0
270,2359.25,1750620626,19.07527,72.87055,0
271,4402.33,1750636545,-50.47046,-94.0366,0
272,9972.81,1751310712,79.2126,31.68003,0
273,2263.99,1749124509,64.45064,-25.99253,0
274,5460.89,1750325510,-11.18449,174.65122,0
275,7586.72,1749490414,80.32948,63.39368,0
276,1430.63,1750357481,7.97812,-102.70815,0
277,882.69,1749426238,13.04391,171.13381,0
278,9338.49,1750862126,14.60336,120.97869,0
279,5757.44,1751119390,50.45871,30.53875,1
280,1013.12,1749417141,-33.39879,-164.23795,0
281,674.33,1750167883,32.58486,105.37709,0
282,1839.49,1749706306,24.734,105.43021,0
283,7151.21,1750583752,22.69542,-103.81016,0
284,2468.27,1750879067,55.6243,-30.36979,0
285,3829.4,1749189210,86.13544,-176.64099,1
286,9612.57,1749531423,6.52417,3.37869,0
287,2985.2,1751248280,-28.00758,-68.20126,0
288,8881.03,1749818820,84.99429,-2.98244,0
289,7104.97,1749286843,69.42271,84.25743,0
290,2409.0,1748898035,14.60341,120.98381,0
291,8121.52,1749064351,-71.85083,114.59799,0
292,4918.15,1748935663,62.43547,-39.5715,0
293,6103.33,1748812238,64.50297,94.93803,0
294,3221.67,1751296164,6.52695,3.38324,1
295,6599.39,1750112907,29.67336,157.70761,0
296,2958.23,1750694790,-3.98093,154.10523,0
297,3400.39,1749852154,19.07923,72.8729,0
298,57.14,1749892057,14.59872,120.97288,0
299,6293.19,1750673555,50.44145,30.52567,0
300,1503.77,1750929889,14.59574,120.98605,0
301,4108.53,1748789273,-54.64467,34.94713,0
302,331.79,1750617347,65.23674,30.84351,1
303,1630.62,1749660823,71.33934,173.05521,0
304,9515.64,1748836780,33.54823,-61.54532,0
305,4240.28,1749988823,59.76445,-171.57951,0
306,7212.21,1749967067,-72.00363,35.07152,0
307,7482.95,1749636251,82.22388,165.46418,0
308,3899.57,1751135926,-6.13731,-93.32848,0
309,4797.4,1748974862,14.59298,120.97376,0
310,4254.24,1750824284,-69.483,-73.7994,0
311,1103.67,1750622619,-54.35885,-156.85978,1
312,2118.15,1749925378,-39.74001,127.09474,0
313,2812.62,1750305924,88.26635,87.77712,0
314,4001.47,1749984246,19.07754,72.87506,0
315,5615.88,1748813432,-71.79629,-122.19207,0
316,928.9,1748817326,50.4447,30.52026,0
317,8118.08,1751280642,-81.0014,43.50487,0
318,4542.71,1750491114,6.52175,3.38949,0
319,1567.6,1749382280,-15.6375,78.28875,0
320,7949.42,1748897051,30.41223,155.48159,0
321,4770.0,1749773338,6.52766,3.38321,1
322,6022.38,1748796531,14.60616,120.98972,1
323,9176.48,1749525696,16.53748,54.82649,0
324,4792.87,1751165756,-60.99823,-102.08044,0
325,4808.38,1749714916,-23.55589,-46.63846,1
326,9456.54,1749493575,41.57698,-175.67895,0
327,4733.12,1750266502,-43.99032,-178.64914,0
328,2657.52,1751184849,-76.71162,-55.98652,0
329,366.68,1748763691,7.55319,111.39297,0
330,4655.05,1750414219,50.45383,30.53165,1
331,2514.46,1749670567,-65.34055,151.05047,0
332,9313.24,1750950517,-23.54966,-46.63684,0
333,3369.64,1749207953,-39.93979,82.4634,0
334,109.64,1750782669,6.52777,3.38784,0
335,4695.75,1749626330,14.60341,120.97813,1
336,6213.59,1751048866,44.55512,153.76045,0
337,114.25,1750393404,14.59161,120.98134,1
338,3437.59,1750471766,-81.939,13.34816,0
339,9407.38,1748817523,40.94072,-81.01958,0
340,8335.58,1748983886,29.54968,31.60649,0
341,1671.47,1748886420,-23.34037,40.19934,0
342,1124.97,1750389262,45.48728,98.97948,0
343,5033.66,1749156857,-23.54264,-46.6307,1
344,8722.12,1748786280,6.52145,3.37763,1
345,3375.21,1749323418,72.01515,-64.84739,0
346,7348.09,1750491209,26.81467,-164.58718,0
347,6301.75,1749426120,39.19244,28.64124,0
348,6053.23,1750711867,34.81467,-138.21342,0
349,1888.34,1749436157,-21.63258,-170.65601,0
350,2775.71,1750081022,6.52678,3.38183,0
351,4633.8,1751034506,19.07228,72.87131,0
352,2824.1,1749974342,14.59555,120.98058,0
353,675.29,1749612466,82.65936,116.5218,0
354,6386.89,1749872338,-74.41822,-145.73362,0
355,1116.72,1750076577,-39.59664,81.32672,0
356,4179.65,1748758664,48.2034,48.1033,0
357,3029.71,1749412265,-70.95348,-135.82425,0
358,3239.0,1750319903,-60.33308,-177.18065,0
359,7709.57,1749517293,56.35945,-55.94964,1
360,7983.03,1748983384,-23.55633,-46.63557,0
361,9842.68,1750032356,-9.04355,-77.50678,0
362,3045.84,1750748747,-79.63523,90.29958,0
363,7585.92,1749118361,73.49824,7.19425,0
364,298.82,1751214237,50.45487,30.52544,0
365,8762.01,1749557442,-58.27381,159.4415,0
366,8925.47,1749868938,14.60588,120.98528,0
367,8051.67,1749785432,6.52539,3.37683,1
368,1376.49,1749093591,73.95186,-87.37458,0
369,6178.37,1751109446,49.09814,-105.62367,0
370,6181.16,1749813603,-19.6324,107.75639,1
371,7421.83,1750457664,50.45931,30.52203,1
372,9613.48,1748982251,19.07994,72.87859,0
373,1811.4,1750844427,59.0245,-35.46968,0
374,4005.26,1748849601,6.52987,3.37579,1
375,9420.85,1749049932,-82.6775,-111.64158,0
376,9003.09,1749948668,21.07712,-142.51208,0
377,7045.71,1750766810,31.97294,-97.41424,0
378,939.71,1749790919,-20.78732,-26.2907,0
379,2762.24,1749068345,50.45571,30.52908,0
380,3377.08,1749796014,42.58573,16.13772,0
381,1053.1,1749552088,14.60593,120.98641,1
382,4782.58,1751010932,-32.84764,93.10839,0
383,9623.19,1748769025,14.60317,120.97852,0
384,3129.21,1750430666,-84.87774,161.23784,0
385,5584.95,1750424862,6.52017,3.38306,0
386,28.15,1749576834,58.54969,-61.36939,0
387,1561.97,1750106907,14.59856,120.97128,1
388,1422.47,1749502958,19.07636,72.87188,0
389,6466.02,1751100513,-45.50155,-18.34589,0
390,9392.08,1750722040,76.35505,-8.69222,0
391,8419.26,1749218406,-23.55558,-46.62458,1
392,6831.67,1749805419,50.11552,-25.77148,0
393,3317.36,1750195074,8.42999,-61.81096,0
394,1320.92,1750905134,27.30512,21.75353,0
395,4883.51,1750491693,-5.41296,-46.86623,0
396,6000.49,1749570453,50.44164,30.53909,1
397,2287.7,1750217244,4.05777,105.05151,0
398,829.03,1750778018,41.20912,35.59789,0
399,4273.7,1750647632,-6.11888,-37.17326,0
400,8107.69,1749275808,19.57838,129.85456,0
401,133.51,1750268880,-64.24947,-154.0354,0
402,9698.63,1750639753,-81.15268,136.62584,0
403,2376.27,1748982773,-23.54397,-46.63161,0
404,7370.65,1750949035,-40.46847,35.10882,0
405,2413.27,1750567741,14.89161,-162.44082,0
406,6291.01,1750601130,6.5066,-111.21144,0
407,984.9,1748836171,14.59617,120.98828,1
408,7581.71,1750052511,19.07326,72.87323,1
409,7493.84,1750954057,16.28983,122.02523,1
410,8489.51,1751135296,-85.89092,-130.5008,0
411,6870.12,1750179616,-23.55316,-46.63739,1
412,5868.56,1749934102,27.92325,-8.33405,0
413,1761.21,1750791987,-85.09215,-36.06629,0
414,1454.74,1749924814,24.51143,-172.24214,0
415,6776.33,1748863718,30.83105,-153.6259,0
416,601.83,1749866891,0.92972,15.15175,0
417,3348.78,1749558820,50.44627,30.52953,0
418,7558.32,1748854949,50.44235,30.53295,0
419,4065.1,1749809972,-59.00577,120.33869,0
420,9380.66,1748761677,-87.35351,-16.72523,0
421,6262.05,1750683070,19.07678,72.87969,1
422,2001.85,1748967532,-42.4577,-9.7576,0
423,1442.09,1749448495,13.27017,81.63984,0
424,9575.84,1750621626,-74.5366,71.14994,0
425,3211.77,1749784921,50.44405,30.53696,0
426,2907.04,1749937344,-23.55482,-46.63275,0
427,8502.4,1750793799,50.45932,30.53774,1
428,8105.17,1749407580,-23.54536,-46.62045,0
429,1033.86,1750344312,-26.66233,91.57063,0
430,1010.43,1750371455,6.52799,3.37035,0
431,8674.0,1750226716,19.07854,72.87713,0
432,3218.74,1748988865,50.44428,30.53622,0
433,2348.87,1750639395,-43.38458,-53.03565,0
434,6216.1,1750833921,19.07512,72.87446,0
435,9994.86,1750579417,-75.99268,131.75634,1
436,5165.95,1749498223,-23.55514,-46.62634,0
437,130.35,1750325244,72.80011,-47.30348,0
438,9344.63,1749005646,-16.18014,139.71876,0
439,6985.2,1751144499,82.50647,-3.89682,0
440,7462.64,1750192974,19.07607,72.87433,0
441,1138.76,1750804874,-3.12313,-129.69168,0
442,2306.77,1749337406,49.57754,16.10269,0
443,9042.32,1749759324,-23.55574,-46.62759,1
444,6572.43,1751088668,19.07928,72.87083,0
445,2910.2,1749565861,14.59887,120.97251,0
446,2474.3,1749034309,-23.55923,-46.62185,0
447,9936.71,1749646536,-23.55024,-46.62541,0
448,5380.74,1750808236,-76.23767,55.75367,0
449,3149.26,1749169668,-23.55299,-46.63764,1
450,8793.56,1748864739,-65.23614,-154.61915,0
451,1662.33,1749954603,38.01998,-1.73963,0
452,4457.19,1749110615,35.91403,-161.89457,0
453,967.41,1750245629,-31.30477,78.41335,0
454,3736.98,1751061544,76.36559,62.00338,0
455,1423.01,1749684952,-23.54595,-46.62478,0
456,7044.3,1750365229,82.97883,-19.64431,0
457,5027.19,1750503895,-12.2321,61.29163,0
458,1597.53,1750697668,59.77723,-11.52474,0
459,1030.74,1749734119,-14.55256,168.38867,0
460,5617.08,1749349560,-23.55261,-46.62016,1
461,9443.27,1749443142,38.81859,-62.76545,0
462,6960.95,1749651370,-23.54168,-46.62021,1
463,5655.11,1750830452,56.74191,-88.96578,0
464,895.57,1750071908,-55.04584,-178.66144,0
465,4375.47,1751032381,-30.58947,-125.66755,1
466,501.3,1750275425,14.60369,120.97213,0
467,3736.15,1750087845,14.59785,120.98537,0
468,3340.45,1748944597,17.0114,-131.93497,0
469,5091.14,1750900874,19.07661,72.87082,1
470,5929.36,1750653999,6.52001,3.37589,1
471,3040.76,1748907595,-10.81262,165.15002,0
472,4409.1,1749808179,-45.44383,-116.3649,0
473,6451.6,1750402093,37.20248,-178.52433,0
474,4049.99,1750485155,14.59193,120.97935,1
475,3187.31,1751008359,-54.68274,135.58019,0
476,1438.31,1750027118,-14.2053,-164.94923,0
477,7369.91,1748943325,43.44395,64.32391,1
478,6365.94,1750890139,13.51432,121.64274,1
479,1251.08,1751160770,-67.3065,6.90836,0
480,2592.69,1749665489,19.07564,72.87772,0
481,5523.26,1748777246,-14.03411,38.41723,0
482,6369.01,1751235016,54.81781,-44.56959,0
483,8430.29,1750378472,83.22242,-82.05216,0
484,2992.56,1749188480,-35.34739,-156.95484,0
485,3122.94,1748898581,21.08878,5.17976,0
486,5518.99,1750716946,18.94988,-134.66856,1
487,2464.14,1750072457,19.07092,72.8756,1
488,8418.06,1749030749,6.52787,3.38537,0
489,4665.97,1749453558,29.90731,-21.88295,0
490,8684.61,1748746752,14.60973,120.98007,1
491,4326.63,1751103621,-36.32644,-6.36817,0
492,3954.18,1751263972,-54.809,56.80969,0
493,9770.44,1750083285,64.85298,-43.38149,0
494,7188.19,1749945077,36.67561,-88.1983,0
495,9266.38,1748960575,19.07989,72.87627,0
496,2293.64,1749936017,-34.22807,-173.44977,0
497,2427.27,1750257702,74.82257,-178.80921,0
498,923.56,1750611912,-23.55527,-46.62308,0
499,6964.69,1751049881,-21.15227,171.8393,0
500,9730.92,1751000113,-79.23028,13.00633,1
108416752570894154065,222,1719693409,53.5106742,-6.3969054,0
108416752570894154065,450,1719693424,53.5106742,-6.3969054,0
108416752570894154065,1000,1719693508,53.5106742,-6.3969054,0
108416752570894154065,200,1719661712,53.5106742,-6.3969054,0
108416752570894154065,500,1719661723,53.5106742,-6.3969054,0
108416752570894154065,350,1719661954,53.5106742,-6.3969054,0
108416752570894154065,2,1719662986,53.5106742,-6.3969054,0
108416752570894154065,200,1719709244,53.5106742,-6.3969054,0
108416752570894154065,55,1719709305,53.5106742,-6.3969054,0
108416752570894154065,2,1719709553,53.5106742,-6.3969054,0
108416752570894154065,222,1719709564,53.5106742,-6.3969054,0
108416752570894154065,222,1719709588,53.5106742,-6.3969054,0
108416752570894154065,222,1719709678,53.5106742,-6.3969054,0
108416752570894154065,222,1719651307,53.5106742,-6.3969054,0
108416752570894154065,2222,1719651328,53.5106742,-6.3969054,1
108416752570894154065,2222,1719651385,53.5106742,-6.3969054,1
108416752570894154065,2222,1719651417,53.5106742,-6.3969054,1
108416752570894154065,2222,1719651427,53.5106742,-6.3969054,1
108416752570894154065,2222,1719651440,53.5106742,-6.3969054,1
108416752570894154065,322,1719651491,53.5106742,-6.3969054,0
108416752570894154065,222,1719651524,53.5106742,-6.3969054,0
108416752570894154065,222,1719651525,53.5106742,-6.3969054,0
108416752570894154065,2,1719651543,53.5106742,-6.3969054,0
108416752570894154065,2,1719651543,53.5106742,-6.3969054,0
108416752570894154065,0,1719651547,53.5106742,-6.3969054,0
108416752570894154065,0,1719651547,53.5106742,-6.3969054,0
108416752570894154065,0,1719651550,53.5106742,-6.3969054,0
108416752570894154065,0,1719651551,53.5106742,-6.3969054,0
108416752570894154065,0,1719651551,53.5106742,-6.3969054,0
108416752570894154065,0,1719651551,53.5106742,-6.3969054,0
108416752570894154065,0,1719651551,53.5106742,-6.3969054,0
108416752570894154065,0,1719651551,53.5106742,-6.3969054,0
108416752570894154065,2,1719651603,53.5106742,-6.3969054,0
108416752570894154065,2,1719651604,53.5106742,-6.3969054,0
108416752570894154065,2,1719651604,53.5106742,-6.3969054,0
108416752570894154065,2,1719651604,53.5106742,-6.3969054,0
108416752570894154065,2,1719651605,53.5106742,-6.3969054,0
108416752570894154065,2,1719651605,53.5106742,-6.3969054,0
108416752570894154065,2,1719651605,53.5106742,-6.3969054,0
108416752570894154065,2,1719651608,53.5106742,-6.3969054,0
108416752570894154065,2,1719651608,53.5106742,-6.3969054,0
108416752570894154065,2,1719651608,53.5106742,-6.3969054,0
108416752570894154065,2,1719650898,53.5106742,-6.3969054,0
108416752570894154065,5,1719651186,53.5106742,-6.3969054,0
108416752570894154065,5,1719651195,53.5106742,-6.3969054,0
108416752570894154065,5,1719651205,53.5106742,-6.3969054,0
108416752570894154065,23,1719651268,53.5106742,-6.3969054,0
108416752570894154065,5000,1719651279,53.5106742,-6.3969054,1
108416752570894154065,.5,1719651411,53.5106742,-6.3969054,0
108416752570894154065,2,1719651746,53.5106742,-6.3969054,0
108416752570894154065,2,1719651754,53.5106742,-6.3969054,0
520,6.37,1751208300,37.4540,-122.1810,0
521,9923.45,1751208600,18.3966,77.5703,1
522,23.12,1751208900,-45.8923,170.4967,0
523,4567.89,1751209200,51.5074,-0.1278,1
524,2.99,1751209500,-33.8688,151.2093,0
525,7890.12,1751209800,35.6762,139.6503,1
526,45.67,1751210100,40.7128,-74.0060,0
527,2345.67,1751210400,-22.9068,-43.1729,1
528,0.50,1751210700,55.7558,37.6176,0
529,11000.99,1751211000,25.2769,55.2962,1
530,12.34,1751211300,48.8566,2.3522,0
531,6789.21,1751211600,59.3293,18.0686,1
532,1.99,1751211900,-37.8136,144.9631,0
533,8888.88,1751212200,41.0082,28.9784,1
534,3.33,1751212500,30.0444,31.2357,0
535,9400.00,1751212800,52.2297,21.0122,1
536,0.01,1751213100,1.3521,103.8198,0
537,7777.77,1751213400,34.0522,-118.2437,1
538,25.00,1751213700,45.4654,9.1859,0
539,8392.67,1751214000,50.0755,14.4378,1
540,15.75,1751214300,19.4326,-99.1332,0
541,12345.67,1751214600,-34.6037,-58.3816,1
542,8.99,1751214900,55.6761,12.5683,0
543,5678.90,1751215200,60.1699,24.9384,1
544,4.50,1751215500,-36.8485,174.7633,0
545,8900.12,1751215800,39.9042,116.4074,1
546,33.33,1751216100,43.6532,-79.3832,0
547,6789.45,1751216400,22.3193,114.1694,1
548,1.25,1751216700,53.3498,-6.2603,0
549,10000.00,1751217000,38.7223,-9.1393,1
550,0.99,1751217300,-26.2041,28.0473,0
551,4567.12,1751217600,55.9533,-3.1883,1
552,12.99,1751217900,64.1355,-21.8954,0
553,7890.34,1751218200,47.4979,19.0402,1
554,5.67,1751218500,-12.0464,-77.0428,0
555,9400.56,1751218800,46.2044,6.1432,1
556,2.49,1751219100,59.9139,10.7522,0
557,8888.12,1751219400,48.2082,16.3738,1
558,0.75,1751219700,52.5200,13.4050,0
559,7777.89,1751220000,45.5017,-73.5673,1
560,22.22,1751220300,41.9028,12.4964,0
561,12345.89,1751220600,37.7749,-122.4194,1
562,7.89,1751220900,31.2304,121.4737,0
563,5678.23,1751221200,13.7563,100.5018,1
564,3.99,1751221500,-23.5505,-46.6333,0
565,8900.78,1751221800,44.4268,26.1025,1
566,1.50,1751222100,60.4720,8.4689,0
567,6789.67,1751222400,50.8503,4.3517,1
568,0.25,1751222700,-25.7461,28.1881,0
569,10000.12,1751223000,40.4168,-3.7038,1
570,15.99,1751223300,65.0121,25.4651,0
571,4567.34,1751223600,47.6062,-122.3321,1
572,4.75,1751223900,51.4545,-2.5879,0
573,7890.56,1751224200,52.3667,4.8945,1
574,2.99,1751224500,-41.2865,174.7762,0
575,9400.89,1751224800,48.1351,11.5820,1
576,0.01,1751225100,55.8721,-4.2576,0
577,8888.34,1751225400,41.3851,2.1734,1
578,12.34,1751225700,45.4215,-75.6972,0
579,7777.12,1751226000,35.4437,139.6380,1
580,5.67,1751226300,53.4808,-2.2426,0
581,12345.12,1751226600,55.6761,12.5683,1
582,0.99,1751226900,-33.9249,18.4241,0
583,5678.45,1751227200,59.4360,24.7536,1
584,3.33,1751227500,46.8139,-71.2079,0
585,8900.23,1751227800,51.2194,4.4025,1
586,1.99,1751228100,-34.9285,138.6007,0
587,6789.89,1751228400,48.1486,17.1077,1
588,0.50,1751228700,52.3676,9.7167,0
589,10000.34,1751229000,47.3686,8.5392,1
590,15.75,1751229300,64.9631,-19.0208,0
591,4567.56,1751229600,50.1109,8.6821,1
592,4.50,1751229900,57.7089,11.9746,0
593,7890.78,1751230200,53.4084,-2.9916,1
594,2.49,1751230500,55.8609,-4.2514,0
595,9400.12,1751230800,40.7306,-73.9352,1
596,0.75,1751231100,59.4370,24.7453,0
597,8888.56,1751231400,48.4284,-123.3656,1
598,22.22,1751231700,51.5607,0.0751,0
599,7777.34,1751232000,37.9838,23.7275,1
600,7.89,1751232300,-37.8506,145.1176,0
601,12345.34,1751232600,45.7640,4.8357,1
602,3.99,1751232900,53.8008,-1.5491,0
603,5678.67,1751233200,50.0647,19.9450,1
604,1.50,1751233500,-27.4698,153.0251,0
605,8900.45,1751233800,48.3069,14.2858,1
606,0.25,1751234100,55.9533,-3.1883,0
607,6789.12,1751234400,51.5557,-0.1086,1
608,12.34,1751234700,45.5017,-73.5673,0
609,10000.56,1751235000,39.7392,-104.9903,1
610,5.67,1751235300,59.3346,18.0632,0
611,4567.78,1751235600,52.0907,5.1214,1
612,0.99,1751235900,-31.9505,115.8605,0
613,7890.89,1751236200,47.0707,15.4395,1
614,3.33,1751236500,53.5511,9.9937,0
615,9400.34,1751236800,41.3275,19.8190,1
616,1.99,1751237100,51.5099,-0.1337,0
617,8888.78,1751237400,44.8378,-0.5792,1
618,0.50,1751237700,52.3702,4.8952,0
619,7777.56,1751238000,38.7167,-9.1393,1
620,15.75,1751238300,-33.8688,151.2093,0
621,12345.56,1751238600,59.3293,18.0686,1
622,4.50,1751238900,40.7128,-74.0060,0
623,5678.89,1751239200,35.6762,139.6503,1
624,2.49,1751239500,-22.9068,-43.1729,0
625,8900.67,1751239800,55.7558,37.6176,1
626,0.75,1751240100,25.2769,55.2962,0
627,6789.34,1751240400,48.8566,2.3522,1
628,22.22,1751240700,51.5074,-0.1278,0
629,10000.78,1751241000,41.0082,28.9784,1
630,7.89,1751241300,30.0444,31.2357,0
631,4567.12,1751241600,52.2297,21.0122,1
632,3.99,1751241900,1.3521,103.8198,0
633,7890.12,1751242200,34.0522,-118.2437,1
634,1.50,1751242500,-37.8136,144.9631,0
635,9400.56,1751242800,50.0755,14.4378,1
636,0.25,1751243100,45.4654,9.1859,0
637,8888.12,1751243400,40.4168,-3.7038,1
638,12.34,1751243700,55.6761,12.5683,0
639,7777.89,1751244000,60.1699,24.9384,1
640,5.67,1751244300,-36.8485,174.7633,0
641,12345.12,1751244600,39.9042,116.4074,1
642,0.99,1751244900,43.6532,-79.3832,0
643,5678.45,1751245200,22.3193,114.1694,1
644,3.33,1751245500,53.3498,-6.2603,0
645,8900.23,1751245800,38.7223,-9.1393,1
646,1.99,1751246100,-26.2041,28.0473,0
647,6789.67,1751246400,55.9533,-3.1883,1
648,0.50,1751246700,64.1355,-21.8954,0
649,10000.34,1751247000,47.4979,19.0402,1
650,15.75,1751247300,-12.0464,-77.0428,0
651,4567.56,1751247600,46.2044,6.1432,1
652,4.50,1751247900,59.9139,10.7522,0
653,7890.78,1751248200,48.2082,16.3738,1
654,2.49,1751248500,52.5200,13.4050,0
655,9400.12,1751248800,45.5017,-73.5673,1
656,0.75,1751249100,41.9028,12.4964,0
657,8888.56,1751249400,37.7749,-122.4194,1
658,22.22,1751249700,31.2304,121.4737,0
659,7777.34,1751250000,13.7563,100.5018,1
660,7.89,1751250300,-23.5505,-46.6333,0
661,12345.34,1751250600,44.4268,26.1025,1
662,3.99,1751250900,60.4720,8.4689,0
663,5678.67,1751251200,50.8503,4.3517,1
664,1.50,1751251500,-25.7461,28.1881,0
665,8900.45,1751251800,40.4168,-3.7038,1
666,0.25,1751252100,65.0121,25.4651,0
667,6789.12,1751252400,47.6062,-122.3321,1
668,12.34,1751252700,51.4545,-2.5879,0
669,10000.56,1751253000,52.3667,4.8945,1
670,5.67,1751253300,-41.2865,174.7762,0
671,4567.78,1751253600,48.1351,11.5820,1
672,0.99,1751253900,55.8721,-4.2576,0
673,7890.89,1751254200,41.3851,2.1734,1
674,3.33,1751254500,45.4215,-75.6972,0
675,9400.34,1751254800,35.4437,139.6380,1
676,1.99,1751255100,53.4808,-2.2426,0
677,8888.78,1751255400,55.6761,12.5683,1
678,0.50,1751255700,-33.9249,18.4241,0
679,7777.56,1751256000,59.4360,24.7536,1
680,15.75,1751256300,46.8139,-71.2079,0
681,12345.56,1751256600,51.2194,4.4025,1
682,4.50,1751256900,-34.9285,138.6007,0
683,5678.89,1751257200,48.1486,17.1077,1
684,2.49,1751257500,52.3676,9.7167,0
685,8900.67,1751257800,47.3686,8.5392,1
686,0.75,1751258100,64.9631,-19.0208,0
687,6789.34,1751258400,50.1109,8.6821,1
688,22.22,1751258700,57.7089,11.9746,0
689,10000.78,1751259000,53.4084,-2.9916,1
690,7.89,1751259300,55.8609,-4.2514,0
691,4567.12,1751259600,40.7306,-73.9352,1
692,3.99,1751259900,59.4370,24.7453,0
693,7890.12,1751260200,48.4284,-123.3656,1
694,1.50,1751260500,51.5607,0.0751,0
695,9400.56,1751260800,37.9838,23.7275,1
696,0.25,1751261100,-37.8506,145.1176,0
697,8888.12,1751261400,45.7640,4.8357,1
698,12.34,1751261700,53.8008,-1.5491,0
699,7777.89,1751262000,50.0647,19.9450,1
700,5.67,1751262300,-27.4698,153.0251,0
701,12345.12,1751262600,48.3069,14.2858,1
702,0.99,1751262900,55.9533,-3.1883,0
703,5678.45,1751263200,51.5557,-0.1086,1
704,3.33,1751263500,45.5017,-73.5673,0
705,8900.23,1751263800,39.7392,-104.9903,1
706,1.99,1751264100,59.3346,18.0632,0
707,6789.67,1751264400,52.0907,5.1214,1
708,0.50,1751264700,-31.9505,115.8605,0
709,10000.34,1751265000,47.0707,15.4395,1
710,15.75,1751265300,53.5511,9.9937,0
711,4567.56,1751265600,41.3275,19.8190,1
712,4.50,1751265900,51.5099,-0.1337,0
713,7890.78,1751266200,44.8378,-0.5792,1
714,2.49,1751266500,52.3702,4.8952,0
715,9400.12,1751266800,38.7167,-9.1393,1
716,0.75,1751267100,-33.8688,151.2093,0
717,8888.56,1751267400,59.3293,18.0686,1
718,22.22,1751267700,40.7128,-74.0060,0
719,7777.34,1751268000,35.6762,139.6503,1
720,7.89,1751268300,-22.9068,-43.1729,0
721,12345.34,1751268600,55.7558,37.6176,1
722,3.99,1751268900,25.2769,55.2962,0
723,5678.67,1751269200,48.8566,2.3522,1
724,1.50,1751269500,51.5074,-0.1278,0
725,8900.45,1751269800,41.0082,28.9784,1
726,0.25,1751270100,30.0444,31.2357,0
727,6789.12,1751270400,52.2297,21.0122,1
728,12.34,1751270700,1.3521,103.8198,0
729,10000.56,1751271000,34.0522,-118.2437,1
730,5.67,1751271300,-37.8136,144.9631,0
731,4567.78,1751271600,50.0755,14.4378,1
732,0.99,1751271900,45.4654,9.1859,0
733,7890.89,1751272200,40.4168,-3.7038,1
734,3.33,1751272500,55.6761,12.5683,0
735,9400.34,1751272800,60.1699,24.9384,1
736,1.99,1751273100,-36.8485,174.7633,0
737,8888.78,1751273400,39.9042,116.4074,1
738,0.50,1751273700,43.6532,-79.3832,0
739,7777.56,1751274000,22.3193,114.1694,1
740,15.75,1751274300,53.3498,-6.2603,0
741,12345.56,1751274600,38.7223,-9.1393,1
742,4.50,1751274900,-26.2041,28.0473,0
743,5678.89,1751275200,55.9533,-3.1883,1
744,2.49,1751275500,64.1355,-21.8954,0
745,8900.67,1751275800,47.4979,19.0402,1
746,0.75,1751276100,-12.0464,-77.0428,0
747,6789.34,1751276400,46.2044,6.1432,1
748,22.22,1751276700,59.9139,10.7522,0
749,10000.78,1751277000,48.2082,16.3738,1
750,7.89,1751277300,52.5200,13.4050,0
751,4567.12,1751277600,45.5017,-73.5673,1
752,3.99,1751277900,41.9028,12.4964,0
753,7890.12,1751278200,37.7749,-122.4194,1
754,1.50,1751278500,31.2304,121.4737,0
755,9400.56,1751278800,13.7563,100.5018,1
756,0.25,1751279100,-23.5505,-46.6333,0
757,8888.12,1751279400,44.4268,26.1025,1
758,12.34,1751279700,60.4720,8.4689,0
759,7777.89,1751280000,50.8503,4.3517,1
760,5.67,1751280300,-25.7461,28.1881,0
761,12345.12,1751280600,40.4168,-3.7038,1
762,0.99,1751280900,65.0121,25.4651,0
763,5678.45,1751281200,47.6062,-122.3321,1
764,3.33,1751281500,51.4545,-2.5879,0
765,8900.23,1751281800,52.3667,4.8945,1
766,1.99,1751282100,-41.2865,174.7762,0
767,6789.67,1751282400,48.1351,11.5820,1
768,0.50,1751282700,55.8721,-4.2576,0
769,10000.34,1751283000,41.3851,2.1734,1
770,15.75,1751283300,45.4215,-75.6972,0
771,4567.56,1751283600,35.4437,139.6380,1
772,4.50,1751283900,53.4808,-2.2426,0
773,7890.78,1751284200,55.6761,12.5683,1
774,2.49,1751284500,-33.9249,18.4241,0
775,9400.12,1751284800,59.4360,24.7536,1
776,0.75,1751285100,46.8139,-71.2079,0
777,8888.56,1751285400,51.2194,4.4025,1
778,22.22,1751285700,-34.9285,138.6007,0
779,7777.34,1751286000,48.1486,17.1077,1
780,7.89,1751286300,52.3676,9.7167,0
781,12345.34,1751286600,47.3686,8.5392,1
782,3.99,1751286900,64.9631,-19.0208,0
783,5678.67,1751287200,50.1109,8.6821,1
784,1.50,1751287500,57.7089,11.9746,0
785,8900.45,1751287800,53.4084,-2.9916,1
786,0.25,1751288100,55.8609,-4.2514,0
787,6789.12,1751288400,40.7306,-73.9352,1
788,12.34,1751288700,59.4370,24.7453,0
789,10000.56,1751289000,48.4284,-123.3656,1
790,5.67,1751289300,51.5607,0.0751,0
791,4567.78,1751289600,37.9838,23.7275,1
792,0.99,1751289900,-37.8506,145.1176,0
793,7890.89,1751290200,45.7640,4.8357,1
794,3.33,1751290500,53.8008,-1.5491,0
795,9400.34,1751290800,50.0647,19.9450,1
796,1.99,1751291100,-27.4698,153.0251,0
797,8888.78,1751291400,48.3069,14.2858,1
798,0.50,1751291700,55.9533,-3.1883,0
799,7777.56,1751292000,51.5557,-0.1086,1
800,15.75,1751292300,45.5017,-73.5673,0
801,12345.56,1751292600,39.7392,-104.9903,1
802,4.50,1751292900,59.3346,18.0632,0
803,5678.89,1751293200,52.0907,5.1214,1
804,2.49,1751293500,-31.9505,115.8605,0
805,8900.67,1751293800,47.0707,15.4395,1
806,0.75,1751294100,53.5511,9.9937,0
807,6789.34,1751294400,41.3275,19.8190,1
808,22.22,1751294700,51.5099,-0.1337,0
809,10000.78,1751295000,44.8378,-0.5792,1
810,7.89,1751295300,52.3702,4.8952,0
811,4567.12,1751295600,38.7167,-9.1393,1
812,3.99,1751295900,-33.8688,151.2093,0
813,7890.12,1751296200,59.3293,18.0686,1
814,1.50,1751296500,40.7128,-74.0060,0
815,9400.56,1751296800,35.6762,139.6503,1
816,0.25,1751297100,-22.9068,-43.1729,0
817,8888.12,1751297400,55.7558,37.6176,1
818,12.34,1751297700,25.2769,55.2962,0
819,7777.89,1751298000,48.8566,2.3522,1
820,5.67,1751298300,51.5074,-0.1278,0
821,12345.12,1751298600,41.0082,28.9784,1
822,0.99,1751298900,30.0444,31.2357,0
823,5678.45,1751299200,52.2297,21.0122,1
824,3.33,1751299500,1.3521,103.8198,0
825,8900.23,1751299800,34.0522,-118.2437,1
826,1.99,1751300100,-37.8136,144.9631,0
827,6789.67,1751300400,50.0755,14.4378,1
828,0.50,1751300700,45.4654,9.1859,0
829,10000.34,1751301000,40.4168,-3.7038,1
830,15.75,1751301300,55.6761,12.5683,0
831,4567.56,1751301600,60.1699,24.9384,1
832,4.50,1751301900,-36.8485,174.7633,0
833,7890.78,1751302200,39.9042,116.4074,1
834,2.49,1751302500,43.6532,-79.3832,0
835,9400.12,1751302800,22.3193,114.1694,1
836,0.75,1751303100,53.3498,-6.2603,0
837,8888.56,1751303400,38.7223,-9.1393,1
838,22.22,1751303700,-26.2041,28.0473,0
839,7777.34,1751304000,55.9533,-3.1883,1
840,7.89,1751304300,64.1355,-21.8954,0
841,12345.34,1751304600,47.4979,19.0402,1
842,3.99,1751304900,-12.0464,-77.0428,0
843,5678.67,1751305200,46.2044,6.1432,1
844,1.50,1751305500,59.9139,10.7522,0
845,8900.45,1751305800,48.2082,16.3738,1
846,0.25,1751306100,52.5200,13.4050,0
847,6789.12,1751306400,45.5017,-73.5673,1
848,12.34,1751306700,41.9028,12.4964,0
849,10000.56,1751307000,37.7749,-122.4194,1
850,5.67,1751307300,31.2304,121.4737,0
851,4567.78,1751307600,13.7563,100.5018,1
852,0.99,1751307900,-23.5505,-46.6333,0
853,7890.89,1751308200,44.4268,26.1025,1
854,3.33,1751308500,60.4720,8.4689,0
855,9400.34,1751308800,50.8503,4.3517,1
856,1.99,1751309100,-25.7461,28.1881,0
857,8888.78,1751309400,40.4168,-3.7038,1
858,0.50,1751309700,65.0121,25.4651,0
859,7777.56,1751310000,47.6062,-122.3321,1
860,15.75,1751310300,51.4545,-2.5879,0
861,12345.56,1751310600,52.3667,4.8945,1
862,4.50,1751310900,-41.2865,174.7762,0
863,5678.89,1751311200,48.1351,11.5820,1
864,2.49,1751311500,55.8721,-4.2576,0
865,8900.67,1751311800,41.3851,2.1734,1
866,0.75,1751312100,45.4215,-75.6972,0
867,6789.34,1751312400,35.4437,139.6380,1
868,22.22,1751312700,53.4808,-2.2426,0
869,10000.78,1751313000,55.6761,12.5683,1
870,7.89,1751313300,-33.9249,18.4241,0
871,4567.12,1751313600,59.4360,24.7536,1
872,3.99,1751313900,46.8139,-71.2079,0
873,7890.12,1751314200,51.2194,4.4025,1
874,1.50,1751314500,-34.9285,138.6007,0
875,9400.56,1751314800,48.1486,17.1077,1
876,0.25,1751315100,52.3676,9.7167,0
877,8888.12,1751315400,47.3686,8.5392,1
878,12.34,1751315700,64.9631,-19.0208,0
879,7777.89,1751316000,50.1109,8.6821,1
880,5.67,1751316300,57.7089,11.9746,0
881,12345.12,1751316600,53.4084,-2.9916,1
882,0.99,1751316900,55.8609,-4.2514,0
883,5678.45,1751317200,40.7306,-73.9352,1
884,3.33,1751317500,59.4370,24.7453,0
885,8900.23,1751317800,48.4284,-123.3656,1
886,1.99,1751318100,51.5607,0.0751,0
887,6789.67,1751318400,37.9838,23.7275,1
888,0.50,1751318700,-37.8506,145.1176,0
889,10000.34,1751319000,45.7640,4.8357,1
890,15.75,1751319300,53.8008,-1.5491,0
891,4567.56,1751319600,50.0647,19.9450,1
892,4.50,1751319900,-27.4698,153.0251,0
893,7890.78,1751320200,48.3069,14.2858,1
894,2.49,1751320500,55.9533,-3.1883,0
895,9400.12,1751320800,51.5557,-0.1086,1
896,0.75,1751321100,45.5017,-73.5673,0
897,8888.56,1751321400,39.7392,-104.9903,1
898,22.22,1751321700,59.3346,18.0632,0
899,7777.34,1751322000,52.0907,5.1214,1
900,7.89,1751322300,-31.9505,115.8605,0
901,12345.34,1751322600,47.0707,15.4395,1
902,3.99,1751322900,53.5511,9.9937,0
903,5678.67,1751323200,41.3275,19.8190,1
904,1.50,1751323500,51.5099,-0.1337,0
905,8900.45,1751323800,44.8378,-0.5792,1
906,0.25,1751324100,52.3702,4.8952,0
907,6789.12,1751324400,38.7167,-9.1393,1
908,12.34,1751324700,-33.8688,151.2093,0
909,10000.56,1751325000,59.3293,18.0686,1
910,5.67,1751325300,40.7128,-74.0060,0
911,4567.78,1751325600,35.6762,139.6503,1
912,0.99,1751325900,-22.9068,-43.1729,0
913,7890.89,1751326200,55.7558,37.6176,1
914,3.33,1751326500,25.2769,55.2962,0
915,9400.34,1751326800,48.8566,2.3522,1
916,1.99,1751327100,51.5074,-0.1278,0
917,8888.78,1751327400,41.0082,28.9784,1
918,0.50,1751327700,30.0444,31.2357,0
919,7777.56,1751328000,52.2297,21.0122,1
920,15.75,1751328300,1.3521,103.8198,0
921,12345.56,1751328600,34.0522,-118.2437,1
922,4.50,1751328900,-37.8136,144.9631,0
923,5678.89,1751329200,50.0755,14.4378,1
924,2.49,1751329500,45.4654,9.1859,0
925,8900.67,1751329800,40.4168,-3.7038,1
926,0.75,1751330100,55.6761,12.5683,0
927,6789.34,1751330400,60.1699,24.9384,1
928,22.22,1751330700,-36.8485,174.7633,0
929,10000.78,1751331000,39.9042,116.4074,1
930,7.89,1751331300,43.6532,-79.3832,0
931,4567.12,1751331600,22.3193,114.1694,1
932,3.99,1751331900,53.3498,-6.2603,0
933,7890.12,1751332200,38.7223,-9.1393,1
934,1.50,1751332500,-26.2041,28.0473,0
935,9400.56,1751332800,55.9533,-3.1883,1
936,0.25,1751333100,64.1355,-21.8954,0
937,8888.12,1751333400,47.4979,19.0402,1
938,12.34,1751333700,-12.0464,-77.0428,0
939,7777.89,1751334000,46.2044,6.1432,1
940,5.67,1751334300,59.9139,10.7522,0
941,12345.12,1751334600,48.2082,16.3738,1
942,0.99,1751334900,52.5200,13.4050,0
943,5678.45,1751335200,45.5017,-73.5673,1
944,3.33,1751335500,41.9028,12.4964,0
945,8900.23,1751335800,37.7749,-122.4194,1
946,1.99,1751336100,31.2304,121.4737,0
947,6789.67,1751336400,13.7563,100.5018,1
948,0.50,1751336700,-23.5505,-46.6333,0
949,10000.34,1751337000,44.4268,26.1025,1
950,15.75,1751337300,60.4720,8.4689,0
951,4567.56,1751337600,50.8503,4.3517,1
952,4.50,1751337900,-25.7461,28.1881,0
953,7890.78,1751338200,40.4168,-3.7038,1
954,2.49,1751338500,65.0121,25.4651,0
955,9400.12,1751338800,47.6062,-122.3321,1
956,0.75,1751339100,51.4545,-2.5879,0
957,8888.56,1751339400,52.3667,4.8945,1
958,22.22,1751339700,-41.2865,174.7762,0
959,7777.34,1751340000,48.1351,11.5820,1
960,7.89,1751340300,55.8721,-4.2576,0
961,12345.34,1751340600,41.3851,2.1734,1
962,3.99,1751340900,45.4215,-75.6972,0
963,5678.67,1751341200,35.4437,139.6380,1
964,1.50,1751341500,53.4808,-2.2426,0
965,8900.45,1751341800,55.6761,12.5683,1
966,0.25,1751342100,-33.9249,18.4241,0
967,6789.12,1751342400,59.4360,24.7536,1
968,12.34,1751342700,46.8139,-71.2079,0
969,10000.56,1751343000,51.2194,4.4025,1
970,5.67,1751343300,-34.9285,138.6007,0
971,4567.78,1751343600,48.1486,17.1077,1
972,0.99,1751343900,52.3676,9.7167,0
973,7890.89,1751344200,47.3686,8.5392,1
974,3.33,1751344500,64.9631,-19.0208,0
975,9400.34,1751344800,50.1109,8.6821,1
976,1.99,1751345100,57.7089,11.9746,0
977,8888.78,1751345400,53.4084,-2.9916,1
978,0.50,1751345700,55.8609,-4.2514,0
979,7777.56,1751346000,40.7306,-73.9352,1
980,15.75,1751346300,59.4370,24.7453,0
981,12345.56,1751346600,48.4284,-123.3656,1
982,4.50,1751346900,51.5607,0.0751,0
983,5678.89,1751347200,37.9838,23.7275,1
984,2.49,1751347500,-37.8506,145.1176,0
985,8900.67,1751347800,45.7640,4.8357,1
986,0.75,1751348100,53.8008,-1.5491,0
987,6789.34,1751348400,50.0647,19.9450,1
988,22.22,1751348700,-27.4698,153.0251,0
989,10000.78,1751349000,48.3069,14.2858,1
990,7.89,1751349300,55.9533,-3.1883,0
991,4567.12,1751349600,51.5557,-0.1086,1
992,3.99,1751349900,45.5017,-73.5673,0
993,7890.12,1751350200,39.7392,-104.9903,1
994,1.50,1751350500,59.3346,18.0632,0
995,9400.56,1751350800,52.0907,5.1214,1
996,0.25,1751351100,-31.9505,115.8605,0
997,8888.12,1751351400,47.0707,15.4395,1
998,12.34,1751351700,53.5511,9.9937,0
999,7777.89,1751352000,41.3275,19.8190,1
1000,5.67,1751352300,51.5099,-0.1337,0
1001,12345.12,1751352600,44.8378,-0.5792,1
1002,0.99,1751352900,52.3702,4.8952,0
1003,5678.45,1751353200,38.7167,-9.1393,1
1004,3.33,1751353500,-33.8688,151.2093,0
1005,8900.23,1751353800,59.3293,18.0686,1
1006,1.99,1751354100,40.7128,-74.0060,0
1007,6789.67,1751354400,35.6762,139.6503,1
1008,0.50,1751354700,-22.9068,-43.1729,0
1009,10000.34,1751355000,55.7558,37.6176,1
1010,15.75,1751355300,25.2769,55.2962,0
1011,4567.56,1751355600,48.8566,2.3522,1
1012,4.50,1751355900,51.5074,-0.1278,0
1013,7890.78,1751356200,41.0082,28.9784,1
1014,2.49,1751356500,30.0444,31.2357,0
1015,9400.12,1751356800,52.2297,21.0122,1
1016,0.75,1751357100,1.3521,103.8198,0
1017,8888.56,1751357400,34.0522,-118.2437,1
1018,22.22,1751357700,-37.8136,144.9631,0
1019,7777.34,1751358000,50.0755,14.4378,1
1020,7.89,1751358300,45.4654,9.1859,0
1021,12345.34,1751358600,40.4168,-3.7038,1
1022,3.99,1751358900,55.6761,12.5683,0
1023,5678.67,1751359200,60.1699,24.9384,1
1024,1.50,1751359500,-36.8485,174.7633,0
1025,8900.45,1751359800,39.9042,116.4074,1
1026,0.25,1751360100,43.6532,-79.3832,0
1027,6789.12,1751360400,22.3193,114.1694,1
1028,12.34,1751360700,53.3498,-6.2603,0
1029,10000.56,1751361000,38.7223,-9.1393,1
1030,5.67,1751361300,-26.2041,28.0473,0
1031,4567.78,1751361600,55.9533,-3.1883,1
1032,0.99,1751361900,64.1355,-21.8954,0
1033,7890.89,1751362200,47.4979,19.0402,1
1034,3.33,1751362500,-12.0464,-77.0428,0
1035,9400.34,1751362800,46.2044,6.1432,1
1036,1.99,1751363100,59.9139,10.7522,0
1037,8888.78,1751363400,48.2082,16.3738,1
1038,0.50,1751363700,52.5200,13.4050,0
1039,7777.56,1751364000,45.5017,-73.5673,1
1040,15.75,1751364300,41.9028,12.4964,0
1041,12345.56,1751364600,37.7749,-122.4194,1
1042,4.50,1751364900,31.2304,121.4737,0
1043,5678.89,1751365200,13.7563,100.5018,1
1044,2.49,1751365500,-23.5505,-46.6333,0
1045,8900.67,1751365800,44.4268,26.1025,1
1046,0.75,1751366100,60.4720,8.4689,0
1047,6789.34,1751366400,50.8503,4.3517,1
1048,22.22,1751366700,-25.7461,28.1881,0
1049,10000.78,1751367000,40.4168,-3.7038,1
1050,7.89,1751367300,65.0121,25.4651,0
1051,4567.12,1751367600,47.6062,-122.3321,1
1052,3.99,1751367900,51.4545,-2.5879,0
1053,7890.12,1751368200,52.3667,4.8945,1
1054,1.50,1751368500,-41.2865,174.7762,0
1055,9400.56,1751368800,48.1351,11.5820,1
1056,0.25,1751369100,55.8721,-4.2576,0
1057,8888.12,1751369400,41.3851,2.1734,1
1058,12.34,1751369700,45.4215,-75.6972,0
1059,7777.89,1751370000,35.4437,139.6380,1
1060,5.67,1751370300,53.4808,-2.2426,0
1061,12345.12,1751370600,55.6761,12.5683,1
1062,0.99,1751370900,-33.9249,18.4241,0
1063,5678.45,1751371200,59.4360,24.7536,1
1064,3.33,1751371500,46.8139,-71.2079,0
1065,8900.23,1751371800,51.2194,4.4025,1
1066,1.99,1751372100,-34.9285,138.6007,0
1067,6789.67,1751372400,48.1486,17.1077,1
1068,0.50,1751372700,52.3676,9.7167,0
1069,10000.34,1751373000,47.3686,8.5392,1
1070,15.75,1751373300,64.9631,-19.0208,0
1071,4567.56,1751373600,50.1109,8.6821,1
1072,4.50,1751373900,57.7089,11.9746,0
1073,7890.78,1751374200,53.4084,-2.9916,1
1074,2.49,1751374500,55.8609,-4.2514,0
1075,9400.12,1751374800,40.7306,-73.9352,1
1076,0.75,1751375100,59.4370,24.7453,0
1077,8888.56,1751375400,48.4284,-123.3656,1
1078,22.22,1751375700,51.5607,0.0751,0
1079,7777.34,1751376000,37.9838,23.7275,1
1080,7.89,1751376300,-37.8506,145.1176,0
1081,12345.34,1751376600,45.7640,4.8357,1
1082,3.99,1751376900,53.8008,-1.5491,0
1083,5678.67,1751377200,50.0647,19.9450,1
1084,1.50,1751377500,-27.4698,153.0251,0
1085,8900.45,1751377800,48.3069,14.2858,1
1086,0.25,1751378100,55.9533,-3.1883,0
1087,6789.12,1751378400,51.5557,-0.1086,1
1088,12.34,1751378700,45.5017,-73.5673,0
1089,10000.56,1751379000,39.7392,-104.9903,1
1090,5.67,1751379300,59.3346,18.0632,0
1091,4567.78,1751379600,52.0907,5.1214,1
1092,0.99,1751379900,-31.9505,115.8605,0
1093,7890.89,1751380200,47.0707,15.4395,1
1094,3.33,1751380500,53.5511,9.9937,0
1095,9400.34,1751380800,41.3275,19.8190,1
1096,1.99,1751381100,51.5099,-0.1337,0
1097,8888.78,1751381400,44.8378,-0.5792,1
1098,0.50,1751381700,52.3702,4.8952,0
1099,7777.56,1751382000,38.7167,-9.1393,1
1100,15.75,1751382300,-33.8688,151.2093,0
1101,12345.56,1751382600,59.3293,18.0686,1
1102,4.50,1751382900,40.7128,-74.0060,0
1103,5678.89,1751383200,35.6762,139.6503,1
1104,2.49,1751383500,-22.9068,-43.1729,0
1105,8900.67,1751383800,55.7558,37.6176,1
1106,0.75,1751384100,25.2769,55.2962,0
1107,6789.34,1751384400,48.8566,2.3522,1
1108,22.22,1751384700,51.5074,-0.1278,0
1109,10000.78,1751385000,41.0082,28.9784,1
1110,7.89,1751385300,30.0444,31.2357,0
1111,4567.12,1751385600,52.2297,21.0122,1
1112,3.99,1751385900,1.3521,103.8198,0
1113,7890.12,1751386200,34.0522,-118.2437,1
1114,1.50,1751386500,-37.8136,144.9631,0
1115,9400.56,1751386800,50.0755,14.4378,1
1116,0.25,1751387100,45.4654,9.1859,0
1117,8888.12,1751387400,40.4168,-3.7038,1
1118,12.34,1751387700,55.6761,12.5683,0
1119,7777.89,1751388000,60.1699,24.9384,1
1120,5.67,1751388300,-36.8485,174.7633,0
1121,12345.12,1751388600,39.9042,116.4074,1
1122,0.99,1751388900,43.6532,-79.3832,0
1123,5678.45,1751389200,22.3193,114.1694,1
1124,3.33,1751389500,53.3498,-6.2603,0
1125,8900.23,1751389800,38.7223,-9.1393,1
1126,1.99,1751390100,-26.2041,28.0473,0
1127,6789.67,1751390400,55.9533,-3.1883,1
1128,0.50,1751390700,64.1355,-21.8954,0
1129,10000.34,1751391000,47.4979,19.0402,1
1130,15.75,1751391300,-12.0464,-77.0428,0
1131,4567.56,1751391600,46.2044,6.1432,1
1132,4.50,1751391900,59.9139,10.7522,0
1133,7890.78,1751392200,48.2082,16.3738,1
1134,2.49,1751392500,52.5200,13.4050,0
1135,9400.12,1751392800,45.5017,-73.5673,1
1136,0.75,1751393100,41.9028,12.4964,0
1137,8888.56,1751393400,37.7749,-122.4194,1
1138,22.22,1751393700,31.2304,121.4737,0
1139,7777.34,1751394000,13.7563,100.5018,1
1140,7.89,1751394300,-23.5505,-46.6333,0
1141,12345.34,1751394600,44.4268,26.1025,1
1142,3.99,1751394900,60.4720,8.4689,0
1143,5678.67,1751395200,50.8503,4.3517,1
1144,1.50,1751395500,-25.7461,28.1881,0
1145,8900.45,1751395800,40.4168,-3.7038,1
1146,0.25,1751396100,65.0121,25.4651,0
1147,6789.12,1751396400,47.6062,-122.3321,1
1148,12.34,1751396700,51.4545,-2.5879,0
1149,10000.56,1751397000,52.3667,4.8945,1
1150,5.67,1751397300,-41.2865,174.7762,0
1151,4567.78,1751397600,48.1351,11.5820,1
1152,0.99,1751397900,55.8721,-4.2576,0
1153,7890.89,1751398200,41.3851,2.1734,1
1154,3.33,1751398500,45.4215,-75.6972,0
1155,9400.34,1751398800,35.4437,139.6380,1
1156,1.99,1751399100,53.4808,-2.2426,0
1157,8888.78,1751399400,55.6761,12.5683,1
1158,0.50,1751399700,-33.9249,18.4241,0
1159,7777.56,1751400000,59.4360,24.7536,1
1160,15.75,1751400300,46.8139,-71.2079,0
1161,12345.56,1751400600,51.2194,4.4025,1
1162,4.50,1751400900,-34.9285,138.6007,0
1163,5678.89,1751401200,48.1486,17.1077,1
1164,2.49,1751401500,52.3676,9.7167,0
1165,8900.67,1751401800,47.3686,8.5392,1
1166,0.75,1751402100,64.9631,-19.0208,0
1167,6789.34,1751402400,50.1109,8.6821,1
1168,22.22,1751402700,57.7089,11.9746,0
1169,10000.78,1751403000,53.4084,-2.9916,1
1170,7.89,1751403300,55.8609,-4.2514,0
1171,4567.12,1751403600,40.7306,-73.9352,1
1172,3.99,1751403900,59.4370,24.7453,0
1173,7890.12,1751404200,48.4284,-123.3656,1
1174,1.50,1751404500,51.5607,0.0751,0
1175,9400.56,1751404800,37.9838,23.7275,1
1176,0.25,1751405100,-37.8506,145.1176,0
1177,8888.12,1751405400,45.7640,4.8357,1
1178,12.34,1751405700,53.8008,-1.5491,0
1179,7777.89,1751406000,50.0647,19.9450,1
1180,5.67,1751406300,-27.4698,153.0251,0
1181,12345.12,1751406600,48.3069,14.2858,1
1182,0.99,1751406900,55.9533,-3.1883,0
1183,5678.45,1751407200,51.5557,-0.1086,1
1184,3.33,1751407500,45.5017,-73.5673,0
1185,8900.23,1751407800,39.7392,-104.9903,1
1186,1.99,1751408100,59.3346,18.0632,0
1187,6789.67,1751408400,52.0907,5.1214,1
1188,0.50,1751408700,-31.9505,115.8605,0
1189,10000.34,1751409000,47.0707,15.4395,1
1190,15.75,1751409300,53.5511,9.9937,0
1191,4567.56,1751409600,41.3275,19.8190,1
1192,4.50,1751409900,51.5099,-0.1337,0
1193,7890.78,1751410200,44.8378,-0.5792,1
1194,2.49,1751410500,52.3702,4.8952,0
1195,9400.12,1751410800,38.7167,-9.1393,1
1196,0.75,1751411100,-33.8688,151.2093,0
1197,8888.56,1751411400,59.3293,18.0686,1
1198,22.22,1751411700,40.7128,-74.0060,0
1199,7777.34,1751412000,35.6762,139.6503,1
1200,7.89,1751412300,-22.9068,-43.1729,0
1201,12345.34,1751412600,55.7558,37.6176,1
1202,3.99,1751412900,25.2769,55.2962,0
1203,5678.67,1751413200,48.8566,2.3522,1
1204,1.50,1751413500,51.5074,-0.1278,0
108416752570894154065,5,1719653348,53.5106742,-6.3969054,0
108416752570894154065,.1,1719653366,53.5106742,-6.3969054,0
108416752570894154065,500,1719653473,53.5106742,-6.3969054,0
108416752570894154065,2,1719656962,53.5106742,-6.3969054,0
108416752570894154065,54,1719657164,53.5106742,-6.3969054,0
108416752570894154065,23,1719657248,53.5106742,-6.3969054,0
108416752570894154065,1,1719657434,53.5106742,-6.3969054,0
108416752570894154065,1,1719657549,53.5106742,-6.3969054,0
108416752570894154065,1,1719657666,53.5106742,-6.3969054,0
108416752570894154065,1,1719657912,53.5106742,-6.3969054,0
108416752570894154065,1,1719657933,53.5106742,-6.3969054,0
108416752570894154065,1,1719657938,53.5106742,-6.3969054,0
108416752570894154065,77,1719658504,53.5106742,-6.3969054,0
108416752570894154065,77,1719658525,53.5106742,-6.3969054,0
108416752570894154065,4,1719658583,53.5106742,-6.3969054,0
108416752570894154065,4,1719658604,53.5106742,-6.3969054,0
108416752570894154065,4,1719658604,53.5106742,-6.3969054,0
108416752570894154065,4,1719658605,53.5106742,-6.3969054,0
108416752570894154065,4,1719658605,53.5106742,-6.3969054,0
108416752570894154065,4,1719658605,53.5106742,-6.3969054,0
108416752570894154065,4,1719658605,53.5106742,-6.3969054,0
108416752570894154065,4,1719658605,53.5106742,-6.3969054,0
108416752570894154065,4,1719658605,53.5106742,-6.3969054,0
108416752570894154065,4,1719658606,53.5106742,-6.3969054,0
108416752570894154065,2,1719703240,53.5106742,-6.3969054,0
108416752570894154065,222,1719703246,53.5106742,-6.3969054,0
108416752570894154065,5000,1719703251,53.5106742,-6.3969054,1
108416752570894154065,503,1719703744,53.5106742,-6.3969054,0
108416752570894154065,400,1719704161,53.5106742,-6.3969054,0
108416752570894154065,400,1719704167,53.5106742,-6.3969054,0
108416752570894154065,400,1719704178,53.5106742,-6.3969054,0
108416752570894154065,400,1719704187,53.5106742,-6.3969054,0
108416752570894154065,200,1719704207,53.5106742,-6.3969054,0
108416752570894154065,501,1719704507,53.5106742,-6.3969054,0
108416752570894154065,1,1719704644,53.5106742,-6.3969054,0
108416752570894154065,5,1719700934,53.5106742,-6.3969054,0
108416752570894154065,5,1719702847,53.5106742,-6.3969054,0
108416752570894154065,5000,1719702868,53.5106742,-6.3969054,1
108416752570894154065,5000,1719702891,53.5106742,-6.3969054,1
108416752570894154065,5,1719704331,53.5106742,-6.3969054,0
108416752570894154065,500,1719704524,53.5106742,-6.3969054,0
108416752570894154065,500,1719704548,53.5106742,-6.3969054,0
108416752570894154065,50,1719704564,53.5106742,-6.3969054,0
108416752570894154065,200,1719704721,53.5106742,-6.3969054,0
108416752570894154065,222,1719704830,53.5106742,-6.3969054,0
108416752570894154065,500,1719705103,53.5106742,-6.3969054,0
108416752570894154065,500,1719705117,53.5106742,-6.3969054,0
108416752570894154065,55,1719705185,53.5106742,-6.3969054,0
108416752570894154065,500,1719705239,53.5106742,-6.3969054,0
108416752570894154065,50,1719705459,53.5106742,-6.3969054,0
108416752570894154065,5000,1719705482,53.5106742,-6.3969054,1
108416752570894154065,5,1719705489,53.5106742,-6.3969054,0
108416752570894154065,.5,1719705494,53.5106742,-6.3969054,0
108416752570894154065,0,1719705498,53.5106742,-6.3969054,0
108416752570894154065,0,1719705518,53.5106742,-6.3969054,0
108416752570894154065,0,1719705526,53.5106742,-6.3969054,0
108416752570894154065,20,1719705732,53.5106742,-6.3969054,0
108416752570894154065,222,1719705884,53.5106742,-6.3969054,0
108416752570894154065,222,1719705900,53.5106742,-6.3969054,0
108416752570894154065,50,1719706600,53.5106742,-6.3969054,0
108416752570894154065,1,1719706610,53.5106742,-6.3969054,0
108416752570894154065,.1,1719706616,53.5106742,-6.3969054,0
108416752570894154065,.00000000000000000000000000000000001,1719706627,53.5106742,-6.3969054,0
108416752570894154065,5000,1719706634,53.5106742,-6.3969054,1
108416752570894154065,5,1719706749,53.5106742,-6.3969054,0
108416752570894154065,1,1719706761,53.5106742,-6.3969054,0
108416752570894154065,20,1719707139,53.5106742,-6.3969054,0
108416752570894154065,2000,1719707148,53.5106742,-6.3969054,1
108416752570894154065,100,1719707164,53.5106742,-6.3969054,0
108416752570894154065,200,1719707246,53.5106742,-6.3969054,0
108416752570894154065,50,1719707254,53.5106742,-6.3969054,0
108416752570894154065,5,1719707266,53.5106742,-6.3969054,0
108416752570894154065,52,1719707288,53.5106742,-6.3969054,0
108416752570894154065,1,1719707296,53.5106742,-6.3969054,0
108416752570894154065,55,1719707323,53.5106742,-6.3969054,0
108416752570894154065,1,1719707333,53.5106742,-6.3969054,0
108416752570894154065,22,1719707372,53.5106742,-6.3969054,0
108416752570894154065,2244,1719707378,53.5106742,-6.3969054,1
108416752570894154065,2020,1719707567,53.5106742,-6.3969054,1
108416752570894154065,50,1719707590,53.5106742,-6.3969054,0
108416752570894154065,50,1719707716,53.5106742,-6.3969054,0
108416752570894154065,50,1719708411,53.5106742,-6.3969054,0
108416752570894154065,5000,1719708421,53.5106742,-6.3969054,1
108416752570894154065,50,1719708554,53.5106742,-6.3969054,0
108416752570894154065,500,1719708566,53.5106742,-6.3969054,0
108416752570894154065,5000,1719708571,53.5106742,-6.3969054,1
108416752570894154065,20,1719709294,53.5106742,-6.3969054,0
108416752570894154065,5,1719709608,53.5106742,-6.3969054,0
108416752570894154065,5000,1719709617,53.5106742,-6.3969054,1
108416752570894154065,2,1719650169,53.5106742,-6.3969054,0
108416752570894154065,50,1719650268,53.5106742,-6.3969054,0
108416752570894154065,5000,1719650279,53.5106742,-6.3969054,1
108416752570894154065,50,1719650579,53.5106742,-6.3969054,0
108416752570894154065,500,1719650992,53.5106742,-6.3969054,0
108416752570894154065,50,1719651218,53.5106742,-6.3969054,0
108416752570894154065,222,1719660184,53.5106742,-6.3969054,0
108416752570894154065,2222,1719660203,53.5106742,-6.3969054,1
108416752570894154065,1000,1719660221,53.5106742,-6.3969054,0
108416752570894154065,5000,1719661337,53.5106742,-6.3969054,1
108416752570894154065,60,1719661473,53.5106742,-6.3969054,0
108416752570894154065,600,1719661483,53.5106742,-6.3969054,0
108416752570894154065,5000,1719661642,53.5106742,-6.3969054,1
108416752570894154065,5000,1719662130,53.5106742,-6.3969054,1
108416752570894154065,5000,1719662140,53.5106742,-6.3969054,1
108416752570894154065,2000,1719662147,53.5106742,-6.3969054,1
108416752570894154065,5000,1719662158,53.5106742,-6.3969054,1
108416752570894154065,500,1719662163,53.5106742,-6.3969054,0
108416752570894154065,1500,1719662169,53.5106742,-6.3969054,0
108416752570894154065,2500,1719662173,53.5106742,-6.3969054,1
108416752570894154065,2000,1719662177,53.5106742,-6.3969054,1
108416752570894154065,1700,1719662181,53.5106742,-6.3969054,1
108416752570894154065,1900,1719662186,53.5106742,-6.3969054,1
108416752570894154065,1950,1719662190,53.5106742,-6.3969054,1
108416752570894154065,2000,1719662197,53.5106742,-6.3969054,1
108416752570894154065,1980,1719662203,53.5106742,-6.3969054,1
108416752570894154065,1970,1719662207,53.5106742,-6.3969054,1
108416752570894154065,1975,1719662211,53.5106742,-6.3969054,1
108416752570894154065,1976,1719662215,53.5106742,-6.3969054,1
108416752570894154065,1977,1719662219,53.5106742,-6.3969054,1
108416752570894154065,1979,1719662222,53.5106742,-6.3969054,1
108416752570894154065,1978,1719662225,53.5106742,-6.3969054,1
108416752570894154065,1977.5,1719662230,53.5106742,-6.3969054,1
108416752570894154065,2000,1719662314,53.5106742,-6.3969054,1
108416752570894154065,5000,1719662321,53.5106742,-6.3969054,1
108416752570894154065,500,1719676229,53.5106742,-6.3969054,0
108416752570894154065,0,1719676234,53.5106742,-6.3969054,0
108416752570894154065,-0,1719676240,53.5106742,-6.3969054,0
108416752570894154065,50,1719692925,53.5106742,-6.3969054,0
108416752570894154065,500,1719692970,53.5106742,-6.3969054,0
108416752570894154065,1000,1719693045,53.5106742,-6.3969054,0
108416752570894154065,200,1719688533,53.3465761,-6.2631359,0
108416752570894154065,1000,1719688600,53.3465761,-6.2631359,0
108416752570894154065,200,1719688396,53.3465761,-6.2631359,0
108416752570894154065,200,1719688533,53.3465761,-6.2631359,0
108416752570894154065,1000,1719688600,53.3465761,-6.2631359,0
108416752570894154065,200,1719688396,53.3465761,-6.2631359,0
108416752570894154065,200,1719688533,53.3465761,-6.2631359,0
108416752570894154065,1000,1719688600,53.3465761,-6.2631359,0
108416752570894154065,200,1719688396,53.3465761,-6.2631359,0
108416752570894154065,200,1719688533,53.3465761,-6.2631359,0
108416752570894154065,1000,1719688600,53.3465761,-6.2631359,0
108416752570894154065,200,1719688396,53.3465761,-6.2631359,0
108416752570894154065,200,1719688533,53.3465761,-6.2631359,0
108416752570894154065,1000,1719688600,53.3465761,-6.2631359,0
108416752570894154065,200,1719688396,53.3465761,-6.2631359,0
108416752570894154065,200,1719688533,53.3465761,-6.2631359,0
108416752570894154065,1000,1719688600,53.3465761,-6.2631359,0
108416752570894154065,200,1719688396,53.3465761,-6.2631359,0
108416752570894154065,200,1719688533,53.3465761,-6.2631359,0
108416752570894154065,1000,1719688600,53.3465761,-6.2631359,0
108416752570894154065,200,1719688396,53.3465761,-6.2631359,0
108416752570894154065,200,1719688533,53.3465761,-6.2631359,0
108416752570894154065,1000,1719688600,53.3465761,-6.2631359,0
